section,metric,value,status,source,std,se,t,same_sign_seeds,n,cosine,harm_recovered_fraction,harm_removed_fraction,note,n_episodes,n_observations,published,abs_diff,agrees,policy
failure_mode_i,closed_form_naive_return,109.25483399593904,reproduced,analytic: 0.5*(max discrete cosine+1)/2*256,,,,,,0.7071067811865475,,,,,,,,,
failure_mode_i,Empty-8x8.success_rate.final,0.0,reproduced,main_logs/empty-8x8_intention_naive_seed{seed}/evaluation,0.0,,,,8,,,,,,,,,,
failure_mode_i,Empty-8x8.episode_length.final,256.0,reproduced,main_logs/empty-8x8_intention_naive_seed{seed}/evaluation,0.0,,,,8,,,,,,,,,,
failure_mode_i,Empty-Random-6x6.success_rate.final,0.0,reproduced,task04_logs/empty-random-6x6_intention_naive_seed{seed}/evaluation,0.0,,,,8,,,,,,,,,,
failure_mode_i,Empty-Random-6x6.episode_length.final,144.0,reproduced,task04_logs/empty-random-6x6_intention_naive_seed{seed}/evaluation,0.0,,,,8,,,,,,,,,,
failure_mode_i,FourRooms.success_rate.final,0.008333333333333333,reproduced,task05_logs/fourrooms_intention_naive_seed{seed}/evaluation,0.014433756729740645,,,,8,,,,,,,,,,
failure_mode_i,FourRooms.episode_length.final,99.55833333333334,reproduced,task05_logs/fourrooms_intention_naive_seed{seed}/evaluation,0.8412540242598152,,,,8,,,,,,,,,,
failure_mode_ii.empty8,sparse.auc,0.8934166666666666,reproduced,task07_logs/empty-8x8_sparse_seed{seed}/evaluation/success_rate.csv,0.010482458893048172,,,,8,,,,,,,,,,
failure_mode_ii.empty8,potential_geo.auc,0.89675,reproduced,task07_logs/empty-8x8_potential_geo_seed{seed}/evaluation/success_rate.csv,0.01597719729280872,,,,8,,,,,,,,,,
failure_mode_ii.empty8,potential_geo-sparse,0.003333333333333355,reproduced,task07_logs/.../success_rate.csv,,0.007635547609804259,0.4365545870021504,5,8,,,,,,,,,,
failure_mode_ii.empty8,intention_pb_shifted.auc,0.8114583333333333,reproduced,task07_logs/empty-8x8_intention_pb_shifted_seed{seed}/evaluation/success_rate.csv,0.059585125264429696,,,,8,,,,,,,,,,
failure_mode_ii.empty8,intention_pb_shifted-sparse,-0.08195833333333336,reproduced,task07_logs/.../success_rate.csv,,0.021006276225762045,-3.9016117113046365,8,8,,,,,,,,,,
failure_mode_ii.empty8,intention_pb.auc,0.7587083333333333,reproduced,task07_logs/empty-8x8_intention_pb_seed{seed}/evaluation/success_rate.csv,0.083638181987123,,,,8,,,,,,,,,,
failure_mode_ii.empty8,intention_pb-sparse,-0.1347083333333333,reproduced,task07_logs/.../success_rate.csv,,0.033182781291000135,-4.059585366036481,8,8,,,,,,,,,,
failure_mode_ii.empty_random6,shifted-raw,0.06843750000000003,reproduced,task04_logs/.../evaluation/success_rate.csv,,0.02177368117623396,3.1431295170565723,8,8,,0.8091133004926107,,,,,,,,
main_result,Empty-8x8.potential_geo-sparse,0.003333333333333355,reproduced,task07_logs/.../evaluation/success_rate.csv,,0.007635547609804259,0.4365545870021504,5,8,,,,,,,,,,
main_result,Empty-Random-6x6.potential_geo-sparse,0.004166666666666652,reproduced,task04_logs/.../evaluation/success_rate.csv,,0.008643053913541263,0.4820826884046903,4,8,,,,,,,,,,
main_result,FourRooms.potential_geo-sparse,-0.06687499999999999,reproduced,task05_logs/.../evaluation/success_rate.csv,,0.015969457145060893,-4.187681484256552,8,8,,,,,,,,,,
causal_test,partial.potential_geo-sparse,-0.06687499999999999,reproduced,task05_logs/.../evaluation/success_rate.csv,,0.015969457145060893,-4.187681484256552,8,8,,,,,,,,,,
causal_test,partial.potential_bfs-sparse,-0.08633333333333332,reproduced,task05_logs/.../evaluation/success_rate.csv,,0.01678529212572816,-5.143391767427349,8,8,,,,,,,,,,
causal_test,augmented.potential_geo-sparse,-0.005208333333333327,reproduced,task06_logs/.../evaluation/success_rate.csv,,0.019653237697237747,-0.26501146597669023,4,8,,,,,,,,,,
causal_test,augmented.potential_bfs-sparse,-0.040291666666666656,reproduced,task06_logs/.../evaluation/success_rate.csv,,0.01828559124617583,-2.2034653473451717,7,8,,,,,,,,,,
causal_test,potential_geo.harm_change,0.06166666666666666,reproduced,task05_logs + task06_logs,,0.020927691080677147,2.9466540971452138,6,8,,,0.9221183800623054,,,,,,,
causal_test,potential_bfs.harm_change,0.046041666666666654,reproduced,task05_logs + task06_logs,,0.01447705320306742,3.180320333209197,8,8,,,0.5333011583011583,,,,,,,
lambda_sweep,lambda=0.auc,0.19170833333333331,reproduced,task05_logs/fourrooms_sparse_seed{seed}/evaluation/success_rate.csv,0.03409115130385334,,,,8,,,,,,,,,,
lambda_sweep,lambda=0.delta,0.0,reproduced,task05_logs/... vs task05 sparse,,0.0,0.0,0,8,,,,,,,,,,
lambda_sweep,lambda=0.1.auc,0.194125,reproduced,lambda_logs/fourrooms_potential_geo_lam0p1_seed{seed}/evaluation/success_rate.csv,0.025802098052074913,,,,8,,,,,,,,,,
lambda_sweep,lambda=0.1.delta,0.0024166666666666746,reproduced,lambda_logs/... vs task05 sparse,,0.01707798987279351,0.14150767652793855,4,8,,,,,,,,,,
lambda_sweep,lambda=0.25.auc,0.18945833333333334,reproduced,lambda_logs/fourrooms_potential_geo_lam0p25_seed{seed}/evaluation/success_rate.csv,0.020194153100450748,,,,8,,,,,,,,,,
lambda_sweep,lambda=0.25.delta,-0.002249999999999981,reproduced,lambda_logs/... vs task05 sparse,,0.014622057430199878,-0.1538771141298427,4,8,,,,,,,,,,
lambda_sweep,lambda=0.5.auc,0.16866666666666663,reproduced,lambda_logs/fourrooms_potential_geo_lam0p5_seed{seed}/evaluation/success_rate.csv,0.027805375179790114,,,,8,,,,,,,,,,
lambda_sweep,lambda=0.5.delta,-0.02304166666666666,reproduced,lambda_logs/... vs task05 sparse,,0.019314280174285384,-1.1929860423865986,5,8,,,,,,,,,,
lambda_sweep,lambda=1.auc,0.12483333333333332,reproduced,task05_logs/fourrooms_potential_geo_seed{seed}/evaluation/success_rate.csv,0.01811613768010291,,,,8,,,,,,,,,,
lambda_sweep,lambda=1.delta,-0.06687499999999999,reproduced,task05_logs/... vs task05 sparse,,0.015969457145060893,-4.187681484256552,8,8,,,,,,,,,,
lambda_sweep,lambda=2.auc,0.057666666666666665,reproduced,lambda_logs/fourrooms_potential_geo_lam2_seed{seed}/evaluation/success_rate.csv,0.02578328485235692,,,,8,,,,,,,,,,
lambda_sweep,lambda=2.delta,-0.13404166666666667,reproduced,lambda_logs/... vs task05 sparse,,0.01935091949540021,-6.926888755778705,8,8,,,,,,,,,,
auxiliary,goal_visibility.Empty-Random-6x6,0.5578793465132541,reproduced,analysis/observability_stats.csv,,0.003959700859586828,,,,,,,,200,15731,0.562,0.004120653486745951,True,nav3
auxiliary,initial_phi_variance.Empty-Random-6x6,0.047559718204562035,reproduced,analysis/observability_stats.csv,,n/a,,,,,,,,200,0,0.046,0.0015597182045620356,True,nav3
auxiliary,random_success_rate.Empty-Random-6x6,0.695,reproduced,analysis/observability_stats.csv,,0.03255572146336186,,,,,,,,200,0,0.67,0.02499999999999991,False,nav3
auxiliary,goal_visibility.Empty-8x8,0.26484848484848483,reproduced,analysis/observability_stats.csv,,0.002217377221054911,,,,,,,,200,39600,0.27,0.005151515151515185,False,nav3
auxiliary,initial_phi_variance.Empty-8x8,0.0,reproduced,analysis/observability_stats.csv,,n/a,,,,,,,,200,0,0.0,0.0,True,nav3
auxiliary,random_success_rate.Empty-8x8,0.515,reproduced,analysis/observability_stats.csv,,0.03533942557541082,,,,,,,,200,0,not_published,n/a,n/a,nav3
auxiliary,goal_visibility.FourRooms,0.09406269483539284,reproduced,analysis/observability_stats.csv,,0.0009332581207878788,,,,,,,,1000,97839,0.094,6.269483539284026e-05,True,nav3
auxiliary,initial_phi_variance.FourRooms,0.051750995375301784,reproduced,analysis/observability_stats.csv,,n/a,,,,,,,,1000,0,0.053,0.0012490046246982148,True,nav3
auxiliary,random_success_rate.FourRooms,0.062,reproduced,analysis/observability_stats.csv,,0.007626008130076967,,,,,,,,1000,0,0.093,0.031,False,nav3
auxiliary,training_runs.official_analysis,208,reproduced,run-directory count in six official log roots,,,,,,,,,,,,,,,
auxiliary,training_runs.all_log_directories,231,reproduced,run-directory count in every repository directory ending in 'logs',,,,,,,,,,,,,,,
document_audit,完整方案说明_定稿.pdf,present,reproduced,D:\剑桥项目\完整方案说明_定稿.pdf,,,,,,,,,generated by build_scheme_pdf.py; PDF text audit is external,,,,,,
document_audit,extended_abstract_2page.tex,present,reproduced,D:\剑桥项目\extended_abstract_2page.tex,,,,,,,,,text inspected,,,,,,
document_audit,extended_abstract.tex,present,reproduced,D:\剑桥项目\extended_abstract.tex,,,,,,,,,text inspected,,,,,,
document_audit,POSTER_PLAN.md,present,reproduced,D:\剑桥项目\POSTER_PLAN.md,,,,,,,,,text inspected,,,,,,
document_difference,closed_form_rounding,mismatch,reproduced,four-document audit,,,,,,,,,"109.26 in all four documents; exact formula gives 109.254834, which rounds to 109.25 at two decimals. 109.26 results from rounding the per-step value to 0.4268 before multiplying.",,,,,,
document_difference,task04_shift_delta,mismatch,reproduced,four-document audit,,,,,,,,,"+0.0674 in the PDF and both abstracts; archived logs give +0.0684375 (display +0.0684). t=+3.14, 8/8 and 81% still agree.",,,,,,
document_difference,empty_random_geo_delta,mismatch,reproduced,four-document audit,,,,,,,,,"+0.0041 in both abstracts; archived logs give +0.0041667, whose four-decimal display is +0.0042.",,,,,,
document_difference,training_count,mismatch,reproduced,four-document audit,,,,,,,,,task-08 says approximately 235; six formal log roots contain 208 runs and all *logs roots contain 231 run directories.,,,,,,
